penalty,C,AP_validation,ROC-AUC_validation,coef_L2_norm,nonzero_coefficients,n_features
elasticnet,0.001,0.24876696047446395,0.6852709958017839,0.04174943569021638,1,74
elasticnet,0.01,0.29013374396516195,0.7200526193218653,0.9550848227415966,10,74
elasticnet,0.1,0.3086816037957748,0.7373175475367737,1.6754339112662313,36,74
elasticnet,1.0,0.3110751005700959,0.7388445149392296,3.047778880282265,59,74
elasticnet,10.0,0.31004217805111767,0.7379985775159399,4.964555403240462,71,74
elasticnet,100.0,0.3101290344179778,0.7379029060216394,5.545293149662945,74,74
l1,0.001,0.15450121654501217,0.5,0.0,0,74
l1,0.01,0.2726065999305001,0.7151028783272594,0.7868937387613478,7,74
l1,0.1,0.30957116963178216,0.7383359454168948,1.6091004864872793,24,74
l1,1.0,0.31139045016356337,0.7394600854749273,3.0126077239446563,51,74
l1,10.0,0.309775416307108,0.7381005431874973,6.320877429626264,67,74
l1,100.0,0.31004991920033725,0.7379532594396924,10.756098729414495,73,74
l2,0.001,0.27936917470606626,0.7161023936756107,0.3837644803598561,74,74
l2,0.01,0.2995330532523882,0.7325163491254241,1.0478253115519167,74,74
l2,0.1,0.3098204042339499,0.7381584496182582,1.9402363328059946,74,74
l2,1.0,0.3108486502983748,0.7384026636958151,3.4771519500525354,74,74
l2,10.0,0.3103385936774837,0.7378399642490732,5.167030821932979,74,74
l2,100.0,0.3099519595975448,0.7377115630330381,5.909279318561788,74,74
