feature,coefficient,abs_coefficient
num__ExitRates,-1.5897602685590335,1.5897602685590335
cat__Browser_12,1.2056706333256049,1.2056706333256049
cat__Month_Feb,-1.056387983100094,1.056387983100094
cat__TrafficType_15,-1.040361335592105,1.040361335592105
cat__Browser_7,-0.6977238433671176,0.6977238433671176
cat__TrafficType_7,0.6503978448178881,0.6503978448178881
cat__TrafficType_9,-0.605742792247597,0.605742792247597
cat__Browser_3,-0.5999273659629505,0.5999273659629505
cat__TrafficType_14,-0.5904362464043925,0.5904362464043925
cat__Month_Nov,0.5643891381377629,0.5643891381377629
